{"version": "1", "message": "ERROR: Hidden Testcases server unreachable.", "problem_id": "ads1_m2_a1", "user_id": "pvsteja", "score": {"sample": {"0": {"execution_time": 0.4321718215942383, "passed": true}, "1": {"execution_time": 0.4781496524810791, "passed": true}, "2": {"execution_time": 0.4092423915863037, "passed": true}, "3": {"execution_time": 0.4323761463165283, "passed": true}, "4": {"execution_time": 0.4030153751373291, "passed": true}, "5": {"execution_time": 0.39969372749328613, "passed": true}, "6": {"execution_time": 0.4084937572479248, "passed": true}, "7": {"execution_time": 0.39525818824768066, "passed": true}, "8": {"execution_time": 0.404782772064209, "passed": true}, "9": {"execution_time": 0.4104330539703369, "passed": true}, "10": {"execution_time": 0.3744537830352783, "passed": true}, "11": {"execution_time": 0.43796730041503906, "passed": true}, "12": {"execution_time": 0.5078792572021484, "passed": true}, "13": {"execution_time": 0.4451568126678467, "passed": true}, "14": {"execution_time": 0.5500774383544922, "passed": true}, "15": {"execution_time": 0.4322841167449951, "passed": true}, "16": {"execution_time": 0.44486188888549805, "passed": true}, "17": {"execution_time": 0.48703479766845703, "passed": true}, "18": {"execution_time": 0.463176965713501, "passed": true}, "19": {"execution_time": 0.48326969146728516, "passed": true}, "20": {"execution_time": 0.4835846424102783, "passed": true}, "21": {"execution_time": 0.3910832405090332, "passed": true}, "22": {"execution_time": 0.49152064323425293, "passed": true}, "23": {"execution_time": 0.473355770111084, "passed": true}}}, "check_style_score": "0/1"}