{"version": "1", "message": "ERROR: Hidden Testcases server unreachable.", "problem_id": "ads1_m2_a1", "user_id": "pvsteja", "score": {"sample": {"0": {"execution_time": 0.51584792137146, "passed": true}, "1": {"execution_time": 0.5487978458404541, "passed": true}, "2": {"execution_time": 0.4638967514038086, "passed": true}, "3": {"execution_time": 0.4435150623321533, "passed": true}, "4": {"execution_time": 0.4569432735443115, "passed": true}, "5": {"execution_time": 0.427048921585083, "passed": true}, "6": {"execution_time": 0.46780896186828613, "passed": true}, "7": {"execution_time": 0.45803356170654297, "passed": true}, "8": {"execution_time": 0.46477508544921875, "passed": true}, "9": {"execution_time": 0.5433597564697266, "passed": true}, "10": {"execution_time": 0.43097734451293945, "passed": true}, "11": {"execution_time": 0.4428730010986328, "passed": true}, "12": {"execution_time": 0.45195674896240234, "passed": true}, "13": {"execution_time": 0.4446992874145508, "passed": true}, "14": {"execution_time": 0.44119954109191895, "passed": true}, "15": {"execution_time": 0.4905059337615967, "passed": true}, "16": {"execution_time": 0.4685697555541992, "passed": true}, "17": {"execution_time": 0.49239611625671387, "passed": true}, "18": {"execution_time": 0.5211660861968994, "passed": true}, "19": {"execution_time": 0.6016573905944824, "passed": true}, "20": {"execution_time": 0.5833353996276855, "passed": true}, "21": {"execution_time": 0.4313685894012451, "passed": true}, "22": {"execution_time": 0.520374059677124, "passed": true}, "23": {"execution_time": 0.5014817714691162, "passed": true}}}, "check_style_score": "0/1"}