{"version": "1", "message": "ERROR: Hidden Testcases server unreachable.", "problem_id": "ads1_m2_a1", "user_id": "pvsteja", "score": {"sample": {"0": {"execution_time": 0.6820173263549805, "passed": true}, "1": {"execution_time": 0.6578562259674072, "passed": true}, "2": {"execution_time": 0.577099084854126, "passed": true}, "3": {"execution_time": 0.5429677963256836, "passed": true}, "4": {"execution_time": 0.5388386249542236, "passed": true}, "5": {"execution_time": 0.478818416595459, "passed": true}, "6": {"execution_time": 0.4671308994293213, "passed": true}, "7": {"execution_time": 0.4748878479003906, "passed": true}, "8": {"execution_time": 0.42771434783935547, "passed": true}, "9": {"execution_time": 0.46356940269470215, "passed": true}, "10": {"execution_time": 0.4407656192779541, "passed": true}, "11": {"execution_time": 0.47481489181518555, "passed": true}, "12": {"execution_time": 0.4449126720428467, "passed": true}, "13": {"execution_time": 0.4425337314605713, "passed": true}, "14": {"execution_time": 0.4537067413330078, "passed": true}, "15": {"execution_time": 0.50394606590271, "passed": true}, "16": {"execution_time": 0.47661709785461426, "passed": true}, "17": {"execution_time": 0.557990312576294, "passed": true}, "18": {"execution_time": 0.5536844730377197, "passed": true}, "19": {"execution_time": 0.5966544151306152, "passed": true}, "20": {"execution_time": 0.6599259376525879, "passed": true}, "21": {"execution_time": 0.531200647354126, "passed": true}, "22": {"execution_time": 0.6207001209259033, "passed": true}, "23": {"execution_time": 0.6490309238433838, "passed": true}}}, "check_style_score": "0/1"}